 R,T,C,P,IC,RC,CC
   1,   1,   1,     1.0111429815,   1,   1,   1
   1,   1,   2,     0.8665988551,   2,   2,   2
   1,   1,   3,     0.8665988551,   2,   2,   2
   1,   1,   4,     1.0111429815,   1,   1,   1
   1,   1,   5,     0.0691003195,   5,   5,   5
   1,   1,   6,     1.0111429815,   1,   1,   1
   1,   1,   7,     1.0111429815,   1,   1,   1
   1,   1,   8,     1.0111429815,   1,   1,   1
   1,   1,   9,     1.0111429815,   1,   1,   1
   1,   1,  10,     1.0111429815,   1,   1,   1
   1,   1,  11,     1.0111429815,   1,   1,   1
   1,   1,  12,     1.0111429815,   1,   1,   1
   1,   1,  13,     0.5506521419,   4,   4,   4
   1,   1,  14,     1.0111429815,   1,   1,   1
   1,   1,  15,     1.0111429815,   1,   1,   1
   1,   1,  16,     1.0111429815,   1,   1,   1
   1,   1,  17,     1.0111429815,   1,   1,   1
   1,   1,  18,     1.0111429815,   1,   1,   1
   1,   1,  19,     1.0111429815,   1,   1,   1
   1,   1,  20,     1.0111429815,   1,   1,   1
   1,   1,  21,     1.0111429815,   1,   1,   1
   1,   1,  22,     1.0111429815,   1,   1,   1
   1,   1,  23,     0.8102652868,   3,   3,   3
   1,   1,  24,     1.0111429815,   1,   1,   1
   1,   1,  25,     0.8102652868,   3,   3,   3
   1,   1,  26,     1.0111429815,   1,   1,   1
   1,   1,  27,     1.0111429815,   1,   1,   1
   1,   1,  28,     0.8665988551,   2,   2,   2
   1,   1,  29,     1.0111429815,   1,   1,   1
   1,   1,  30,     0.5506521419,   4,   4,   4
   1,   1,  31,     1.0111429815,   1,   1,   1
   1,   1,  32,     1.0111429815,   1,   1,   1
   1,   1,  33,     1.0111429815,   1,   1,   1
   1,   1,  34,     1.0111429815,   1,   1,   1
   1,   1,  35,     1.0111429815,   1,   1,   1
   1,   1,  36,     0.8102652868,   3,   3,   3
   1,   1,  37,     1.0111429815,   1,   1,   1
   1,   1,  38,     0.8665988551,   2,   2,   2
   1,   1,  39,     1.0111429815,   1,   1,   1
   1,   1,  40,     0.8665988551,   2,   2,   2
   1,   1,  41,     1.0111429815,   1,   1,   1
   1,   1,  42,     1.0111429815,   1,   1,   1
   1,   1,  43,     0.8665988551,   2,   2,   2
   1,   1,  44,     0.8102652868,   3,   3,   3
   1,   1,  45,     0.8102652868,   3,   3,   3
   1,   1,  46,     1.0111429815,   1,   1,   1
   1,   1,  47,     0.8102652868,   3,   3,   3
   1,   1,  48,     1.0111429815,   1,   1,   1
   1,   1,  49,     1.0111429815,   1,   1,   1
   1,   1,  50,     0.8102652868,   3,   3,   3
   1,   1,  51,     0.8102652868,   3,   3,   3
   1,   1,  52,     1.0111429815,   1,   1,   1
   1,   1,  53,     1.0111429815,   1,   1,   1
   1,   1,  54,     1.0111429815,   1,   1,   1
   1,   1,  55,     1.0111429815,   1,   1,   1
   1,   1,  56,     1.0111429815,   1,   1,   1
   1,   1,  57,     1.0111429815,   1,   1,   1
   1,   1,  58,     0.8665988551,   2,   2,   2
   1,   1,  59,     0.8665988551,   2,   2,   2
   1,   1,  60,     1.0111429815,   1,   1,   1
   1,   1,  61,     1.0111429815,   1,   1,   1
   1,   1,  62,     1.0111429815,   1,   1,   1
   1,   1,  63,     1.0111429815,   1,   1,   1
   1,   1,  64,     0.8102652868,   3,   3,   3
   1,   1,  65,     0.8102652868,   3,   3,   3
   1,   1,  66,     0.8665988551,   2,   2,   2
   1,   1,  67,     1.0111429815,   1,   1,   1
   1,   1,  68,     1.0111429815,   1,   1,   1
   1,   1,  69,     1.0111429815,   1,   1,   1
   1,   1,  70,     1.1086560360,   5,   5,   5
   1,   1,  71,     1.1086560360,   5,   5,   5
   1,   1,  72,     1.1086560360,   5,   5,   5
   1,   1,  73,     1.1086560360,   5,   5,   5
   1,   1,  74,     1.1226941009,   4,   4,   4
   1,   1,  75,     1.1086560360,   5,   5,   5
   1,   1,  76,     1.1086560360,   5,   5,   5
   1,   1,  77,     1.1086560360,   5,   5,   5
   1,   1,  78,     1.1226941009,   4,   4,   4
   1,   1,  79,     1.1086560360,   5,   5,   5
   1,   1,  80,     1.1086560360,   5,   5,   5
   1,   1,  81,     1.1086560360,   5,   5,   5
   1,   1,  82,     1.1226941009,   4,   4,   4
   1,   1,  83,     0.7915709530,   3,   3,   3
   1,   1,  84,     1.1226941009,   4,   4,   4
   1,   1,  85,     0.3575479285,   2,   2,   2
   1,   1,  86,     1.1226941009,   4,   4,   4
   1,   1,  87,     1.1086560360,   5,   5,   5
   1,   1,  88,     1.1086560360,   5,   5,   5
   1,   1,  89,     1.1086560360,   5,   5,   5
   1,   1,  90,     1.1086560360,   5,   5,   5
   1,   1,  91,     1.1086560360,   5,   5,   5
   1,   1,  92,     1.1086560360,   5,   5,   5
   1,   1,  93,     1.1086560360,   5,   5,   5
   1,   1,  94,    -0.5813914808,   1,   1,   1
   1,   1,  95,     1.1086560360,   5,   5,   5
   1,   1,  96,     1.1226941009,   4,   4,   4
   1,   1,  97,     1.1226941009,   4,   4,   4
   1,   1,  98,     1.1086560360,   5,   5,   5
   1,   1,  99,     1.1226941009,   4,   4,   4
   1,   1, 100,     1.1086560360,   5,   5,   5
   1,   1, 101,     1.1086560360,   5,   5,   5
   1,   1, 102,     0.7915709530,   3,   3,   3
   1,   1, 103,     1.1086560360,   5,   5,   5
   1,   1, 104,     1.1086560360,   5,   5,   5
   1,   1, 105,     1.1086560360,   5,   5,   5
   1,   1, 106,    -0.5813914808,   1,   1,   1
   1,   1, 107,    -0.5813914808,   1,   1,   1
   1,   1, 108,     1.1086560360,   5,   5,   5
   1,   1, 109,     1.1086560360,   5,   5,   5
   1,   1, 110,     1.1086560360,   5,   5,   5
   1,   1, 111,     1.1226941009,   4,   4,   4
   1,   1, 112,     1.1226941009,   4,   4,   4
   1,   1, 113,     1.1086560360,   5,   5,   5
   1,   1, 114,    -0.5813914808,   1,   1,   1
   2,   1,   1,     1.0008798188,   1,   1,   1
   2,   1,   2,    -0.0108742178,   2,   2,   2
   2,   1,   3,     1.0008798188,   1,   1,   1
   2,   1,   4,     1.0008798188,   1,   1,   1
   2,   1,   5,     1.0008798188,   1,   1,   1
   2,   1,   6,     1.0008798188,   1,   1,   1
   2,   1,   7,     1.0008798188,   1,   1,   1
   2,   1,   8,     1.0008798188,   1,   1,   1
   2,   1,   9,     1.0008798188,   1,   1,   1
   2,   1,  10,    -0.0108742178,   2,   2,   2
   2,   1,  11,     1.0008798188,   1,   1,   1
   2,   1,  12,     1.0008798188,   1,   1,   1
   2,   1,  13,     1.2975006292,   4,   4,   4
   2,   1,  14,     1.0008798188,   1,   1,   1
   2,   1,  15,     1.0008798188,   1,   1,   1
   2,   1,  16,     1.0008798188,   1,   1,   1
   2,   1,  17,    -0.0108742178,   2,   2,   2
   2,   1,  18,     1.0008798188,   1,   1,   1
   2,   1,  19,     1.0008798188,   1,   1,   1
   2,   1,  20,     1.0008798188,   1,   1,   1
   2,   1,  21,     1.0008798188,   1,   1,   1
   2,   1,  22,     1.0008798188,   1,   1,   1
   2,   1,  23,     1.0008798188,   1,   1,   1
   2,   1,  24,     1.0008798188,   1,   1,   1
   2,   1,  25,     0.1476739377,   3,   3,   3
   2,   1,  26,     1.0008798188,   1,   1,   1
   2,   1,  27,     1.0008798188,   1,   1,   1
   2,   1,  28,     1.0008798188,   1,   1,   1
   2,   1,  29,     1.0008798188,   1,   1,   1
   2,   1,  30,    -0.0108742178,   2,   2,   2
   2,   1,  31,     1.0008798188,   1,   1,   1
   2,   1,  32,     1.0008798188,   1,   1,   1
   2,   1,  33,     1.0008798188,   1,   1,   1
   2,   1,  34,     1.0008798188,   1,   1,   1
   2,   1,  35,     1.0008798188,   1,   1,   1
   2,   1,  36,     1.0008798188,   1,   1,   1
   2,   1,  37,     1.0008798188,   1,   1,   1
   2,   1,  38,     1.0008798188,   1,   1,   1
   2,   1,  39,     1.0008798188,   1,   1,   1
   2,   1,  40,     1.0008798188,   1,   1,   1
   2,   1,  41,     1.0008798188,   1,   1,   1
   2,   1,  42,     1.0008798188,   1,   1,   1
   2,   1,  43,     1.0008798188,   1,   1,   1
   2,   1,  44,     1.0008798188,   1,   1,   1
   2,   1,  45,     1.0008798188,   1,   1,   1
   2,   1,  46,     1.0008798188,   1,   1,   1
   2,   1,  47,     1.0008798188,   1,   1,   1
   2,   1,  48,     1.0008798188,   1,   1,   1
   2,   1,  49,     1.0008798188,   1,   1,   1
   2,   1,  50,     1.0008798188,   1,   1,   1
   2,   1,  51,     1.0008798188,   1,   1,   1
   2,   1,  52,     1.0008798188,   1,   1,   1
   2,   1,  53,     1.0008798188,   1,   1,   1
   2,   1,  54,     1.0008798188,   1,   1,   1
   2,   1,  55,     1.0008798188,   1,   1,   1
   2,   1,  56,     1.0008798188,   1,   1,   1
   2,   1,  57,     1.0008798188,   1,   1,   1
   2,   1,  58,     0.1476739377,   3,   3,   3
   2,   1,  59,    -0.0108742178,   2,   2,   2
   2,   1,  60,     1.0008798188,   1,   1,   1
   2,   1,  61,     1.0008798188,   1,   1,   1
   2,   1,  62,    -0.0108742178,   2,   2,   2
   2,   1,  63,     1.0008798188,   1,   1,   1
   2,   1,  64,     1.0008798188,   1,   1,   1
   2,   1,  65,     1.0008798188,   1,   1,   1
   2,   1,  66,     1.0008798188,   1,   1,   1
   2,   1,  67,     1.0008798188,   1,   1,   1
   2,   1,  68,     1.0008798188,   1,   1,   1
   2,   1,  69,     1.0008798188,   1,   1,   1
   2,   1,  70,     1.1551272904,   4,   4,   4
   2,   1,  71,     1.3807920035,   2,   2,   2
   2,   1,  72,     1.1551272904,   4,   4,   4
   2,   1,  73,     1.1551272904,   4,   4,   4
   2,   1,  74,     1.1551272904,   4,   4,   4
   2,   1,  75,     1.1551272904,   4,   4,   4
   2,   1,  76,     1.1551272904,   4,   4,   4
   2,   1,  77,     1.4658918697,   3,   3,   3
   2,   1,  78,    -0.3194952809,   1,   1,   1
   2,   1,  79,     1.1551272904,   4,   4,   4
   2,   1,  80,     1.1551272904,   4,   4,   4
   2,   1,  81,     1.1551272904,   4,   4,   4
   2,   1,  82,     1.4658918697,   3,   3,   3
   2,   1,  83,     1.4658918697,   3,   3,   3
   2,   1,  84,    -0.3194952809,   1,   1,   1
   2,   1,  85,    -0.3194952809,   1,   1,   1
   2,   1,  86,    -0.3194952809,   1,   1,   1
   2,   1,  87,     1.1551272904,   4,   4,   4
   2,   1,  88,     1.1551272904,   4,   4,   4
   2,   1,  89,     1.1551272904,   4,   4,   4
   2,   1,  90,     1.1551272904,   4,   4,   4
   2,   1,  91,     1.1551272904,   4,   4,   4
   2,   1,  92,     1.1551272904,   4,   4,   4
   2,   1,  93,     1.1551272904,   4,   4,   4
   2,   1,  94,    -0.3194952809,   1,   1,   1
   2,   1,  95,     1.4658918697,   3,   3,   3
   2,   1,  96,     1.3807920035,   2,   2,   2
   2,   1,  97,     1.3807920035,   2,   2,   2
   2,   1,  98,     1.1551272904,   4,   4,   4
   2,   1,  99,     1.4658918697,   3,   3,   3
   2,   1, 100,     1.1551272904,   4,   4,   4
   2,   1, 101,     1.1551272904,   4,   4,   4
   2,   1, 102,    -0.3194952809,   1,   1,   1
   2,   1, 103,     1.4658918697,   3,   3,   3
   2,   1, 104,    -0.3194952809,   1,   1,   1
   2,   1, 105,     1.1551272904,   4,   4,   4
   2,   1, 106,    -0.3194952809,   1,   1,   1
   2,   1, 107,    -0.3194952809,   1,   1,   1
   2,   1, 108,     1.1551272904,   4,   4,   4
   2,   1, 109,     1.1551272904,   4,   4,   4
   2,   1, 110,     1.1551272904,   4,   4,   4
   2,   1, 111,     1.1551272904,   4,   4,   4
   2,   1, 112,     1.3807920035,   2,   2,   2
   2,   1, 113,     1.1551272904,   4,   4,   4
   2,   1, 114,    -0.3194952809,   1,   1,   1
   3,   1,   1,     1.1928349763,   2,   2,   2
   3,   1,   2,     1.1928349763,   2,   2,   2
   3,   1,   3,     1.1928349763,   2,   2,   2
   3,   1,   4,     1.1928349763,   2,   2,   2
   3,   1,   5,    -1.4588912731,   3,   3,   3
   3,   1,   6,     0.3526870363,   5,   5,   5
   3,   1,   7,     1.1997822663,   1,   1,   1
   3,   1,   8,     1.1997822663,   1,   1,   1
   3,   1,   9,     1.1928349763,   2,   2,   2
   3,   1,  10,     1.1928349763,   2,   2,   2
   3,   1,  11,    -1.5114247963,   4,   4,   4
   3,   1,  12,     1.1928349763,   2,   2,   2
   3,   1,  13,    -1.5114247963,   4,   4,   4
   3,   1,  14,     1.1928349763,   2,   2,   2
   3,   1,  15,     1.1928349763,   2,   2,   2
   3,   1,  16,     1.1928349763,   2,   2,   2
   3,   1,  17,    -1.4588912731,   3,   3,   3
   3,   1,  18,     1.1928349763,   2,   2,   2
   3,   1,  19,     1.1928349763,   2,   2,   2
   3,   1,  20,     1.1928349763,   2,   2,   2
   3,   1,  21,     1.1997822663,   1,   1,   1
   3,   1,  22,     1.1928349763,   2,   2,   2
   3,   1,  23,    -1.4588912731,   3,   3,   3
   3,   1,  24,     1.1928349763,   2,   2,   2
   3,   1,  25,    -1.5114247963,   4,   4,   4
   3,   1,  26,     1.1997822663,   1,   1,   1
   3,   1,  27,     1.1997822663,   1,   1,   1
   3,   1,  28,    -1.4588912731,   3,   3,   3
   3,   1,  29,     1.1928349763,   2,   2,   2
   3,   1,  30,     1.1928349763,   2,   2,   2
   3,   1,  31,     1.1997822663,   1,   1,   1
   3,   1,  32,     1.1997822663,   1,   1,   1
   3,   1,  33,     1.1928349763,   2,   2,   2
   3,   1,  34,     1.1928349763,   2,   2,   2
   3,   1,  35,     1.1928349763,   2,   2,   2
   3,   1,  36,    -1.5114247963,   4,   4,   4
   3,   1,  37,     1.1997822663,   1,   1,   1
   3,   1,  38,     1.1928349763,   2,   2,   2
   3,   1,  39,     1.1997822663,   1,   1,   1
   3,   1,  40,    -1.5114247963,   4,   4,   4
   3,   1,  41,     1.1997822663,   1,   1,   1
   3,   1,  42,     1.1928349763,   2,   2,   2
   3,   1,  43,     1.1997822663,   1,   1,   1
   3,   1,  44,     1.1997822663,   1,   1,   1
   3,   1,  45,     1.1928349763,   2,   2,   2
   3,   1,  46,     1.1928349763,   2,   2,   2
   3,   1,  47,     1.1928349763,   2,   2,   2
   3,   1,  48,     1.1928349763,   2,   2,   2
   3,   1,  49,     1.1928349763,   2,   2,   2
   3,   1,  50,     1.1928349763,   2,   2,   2
   3,   1,  51,    -1.4588912731,   3,   3,   3
   3,   1,  52,     1.1928349763,   2,   2,   2
   3,   1,  53,     1.1997822663,   1,   1,   1
   3,   1,  54,     1.1997822663,   1,   1,   1
   3,   1,  55,     1.1928349763,   2,   2,   2
   3,   1,  56,     1.1997822663,   1,   1,   1
   3,   1,  57,     1.1997822663,   1,   1,   1
   3,   1,  58,     1.1928349763,   2,   2,   2
   3,   1,  59,     1.1928349763,   2,   2,   2
   3,   1,  60,     1.1997822663,   1,   1,   1
   3,   1,  61,     1.1997822663,   1,   1,   1
   3,   1,  62,     0.3526870363,   5,   5,   5
   3,   1,  63,     1.1997822663,   1,   1,   1
   3,   1,  64,    -1.5114247963,   4,   4,   4
   3,   1,  65,     1.1928349763,   2,   2,   2
   3,   1,  66,     1.1997822663,   1,   1,   1
   3,   1,  67,     1.1928349763,   2,   2,   2
   3,   1,  68,     1.1997822663,   1,   1,   1
   3,   1,  69,     1.1928349763,   2,   2,   2
   3,   1,  70,     1.4032336800,   5,   5,   5
   3,   1,  71,     0.6241750342,   4,   4,   4
   3,   1,  72,     1.4032336800,   5,   5,   5
   3,   1,  73,     1.4032336800,   5,   5,   5
   3,   1,  74,     1.4032336800,   5,   5,   5
   3,   1,  75,     1.4032336800,   5,   5,   5
   3,   1,  76,     1.4032336800,   5,   5,   5
   3,   1,  77,     1.4032336800,   5,   5,   5
   3,   1,  78,     1.4032336800,   5,   5,   5
   3,   1,  79,     1.4032336800,   5,   5,   5
   3,   1,  80,     1.4032336800,   5,   5,   5
   3,   1,  81,     1.4032336800,   5,   5,   5
   3,   1,  82,     1.4032336800,   5,   5,   5
   3,   1,  83,     0.6241750342,   4,   4,   4
   3,   1,  84,     0.3504022052,   2,   2,   2
   3,   1,  85,     0.4443298960,   3,   3,   3
   3,   1,  86,     1.4032336800,   5,   5,   5
   3,   1,  87,     1.4032336800,   5,   5,   5
   3,   1,  88,     1.4032336800,   5,   5,   5
   3,   1,  89,     1.4032336800,   5,   5,   5
   3,   1,  90,     1.4032336800,   5,   5,   5
   3,   1,  91,     1.4032336800,   5,   5,   5
   3,   1,  92,     1.4032336800,   5,   5,   5
   3,   1,  93,     1.4032336800,   5,   5,   5
   3,   1,  94,     0.3504022052,   2,   2,   2
   3,   1,  95,     1.4032336800,   5,   5,   5
   3,   1,  96,     0.3504022052,   2,   2,   2
   3,   1,  97,     0.3504022052,   2,   2,   2
   3,   1,  98,     1.4032336800,   5,   5,   5
   3,   1,  99,     1.4032336800,   5,   5,   5
   3,   1, 100,     1.4032336800,   5,   5,   5
   3,   1, 101,     1.4032336800,   5,   5,   5
   3,   1, 102,     0.3504022052,   2,   2,   2
   3,   1, 103,     1.4032336800,   5,   5,   5
   3,   1, 104,     1.4032336800,   5,   5,   5
   3,   1, 105,     1.4032336800,   5,   5,   5
   3,   1, 106,     0.3504022052,   2,   2,   2
   3,   1, 107,     0.3504022052,   2,   2,   2
   3,   1, 108,     1.4032336800,   5,   5,   5
   3,   1, 109,     1.4032336800,   5,   5,   5
   3,   1, 110,     1.4032336800,   5,   5,   5
   3,   1, 111,     1.4032336800,   5,   5,   5
   3,   1, 112,     1.4032336800,   5,   5,   5
   3,   1, 113,     1.4032336800,   5,   5,   5
   3,   1, 114,     0.3504022052,   2,   2,   2
   4,   1,   1,     0.9832890641,   1,   1,   1
   4,   1,   2,     0.9832890641,   1,   1,   1
   4,   1,   3,     0.9832890641,   1,   1,   1
   4,   1,   4,     0.9832890641,   1,   1,   1
   4,   1,   5,     0.9832890641,   1,   1,   1
   4,   1,   6,     0.9832890641,   1,   1,   1
   4,   1,   7,     0.9348935027,   3,   3,   3
   4,   1,   8,     0.9832890641,   1,   1,   1
   4,   1,   9,     0.9832890641,   1,   1,   1
   4,   1,  10,     0.9832890641,   1,   1,   1
   4,   1,  11,     0.9832890641,   1,   1,   1
   4,   1,  12,     0.9832890641,   1,   1,   1
   4,   1,  13,     0.9832890641,   1,   1,   1
   4,   1,  14,     0.9832890641,   1,   1,   1
   4,   1,  15,     0.9832890641,   1,   1,   1
   4,   1,  16,     0.9832890641,   1,   1,   1
   4,   1,  17,     0.9832890641,   1,   1,   1
   4,   1,  18,     0.9832890641,   1,   1,   1
   4,   1,  19,     0.9832890641,   1,   1,   1
   4,   1,  20,     0.9832890641,   1,   1,   1
   4,   1,  21,     0.9768154832,   2,   2,   2
   4,   1,  22,     0.9832890641,   1,   1,   1
   4,   1,  23,     0.9832890641,   1,   1,   1
   4,   1,  24,     0.9832890641,   1,   1,   1
   4,   1,  25,     0.9768154832,   2,   2,   2
   4,   1,  26,     0.9832890641,   1,   1,   1
   4,   1,  27,     0.9832890641,   1,   1,   1
   4,   1,  28,     0.9832890641,   1,   1,   1
   4,   1,  29,     0.9832890641,   1,   1,   1
   4,   1,  30,     0.9768154832,   2,   2,   2
   4,   1,  31,     0.9832890641,   1,   1,   1
   4,   1,  32,     0.9832890641,   1,   1,   1
   4,   1,  33,     0.9832890641,   1,   1,   1
   4,   1,  34,     0.9832890641,   1,   1,   1
   4,   1,  35,     0.9832890641,   1,   1,   1
   4,   1,  36,     0.9832890641,   1,   1,   1
   4,   1,  37,     0.9832890641,   1,   1,   1
   4,   1,  38,     0.9832890641,   1,   1,   1
   4,   1,  39,     0.9832890641,   1,   1,   1
   4,   1,  40,     0.9832890641,   1,   1,   1
   4,   1,  41,     0.9832890641,   1,   1,   1
   4,   1,  42,     0.9832890641,   1,   1,   1
   4,   1,  43,     0.9832890641,   1,   1,   1
   4,   1,  44,     0.9832890641,   1,   1,   1
   4,   1,  45,     0.9832890641,   1,   1,   1
   4,   1,  46,     0.9832890641,   1,   1,   1
   4,   1,  47,     0.9832890641,   1,   1,   1
   4,   1,  48,     0.9832890641,   1,   1,   1
   4,   1,  49,     0.9348935027,   3,   3,   3
   4,   1,  50,     0.9348935027,   3,   3,   3
   4,   1,  51,     0.9832890641,   1,   1,   1
   4,   1,  52,     0.9832890641,   1,   1,   1
   4,   1,  53,     0.9832890641,   1,   1,   1
   4,   1,  54,     0.9832890641,   1,   1,   1
   4,   1,  55,     0.9832890641,   1,   1,   1
   4,   1,  56,     0.9832890641,   1,   1,   1
   4,   1,  57,     0.9832890641,   1,   1,   1
   4,   1,  58,     0.9832890641,   1,   1,   1
   4,   1,  59,     0.9832890641,   1,   1,   1
   4,   1,  60,     0.9832890641,   1,   1,   1
   4,   1,  61,     0.9832890641,   1,   1,   1
   4,   1,  62,     0.9832890641,   1,   1,   1
   4,   1,  63,     0.9832890641,   1,   1,   1
   4,   1,  64,     0.9348935027,   3,   3,   3
   4,   1,  65,     0.9832890641,   1,   1,   1
   4,   1,  66,     0.9832890641,   1,   1,   1
   4,   1,  67,     0.9832890641,   1,   1,   1
   4,   1,  68,     0.9832890641,   1,   1,   1
   4,   1,  69,     0.9832890641,   1,   1,   1
   4,   1,  70,     1.0361619083,   4,   4,   4
   4,   1,  71,     1.0361619083,   4,   4,   4
   4,   1,  72,     1.0361619083,   4,   4,   4
   4,   1,  73,     1.0361619083,   4,   4,   4
   4,   1,  74,     1.0361619083,   4,   4,   4
   4,   1,  75,     1.0361619083,   4,   4,   4
   4,   1,  76,     1.0361619083,   4,   4,   4
   4,   1,  77,     1.0361619083,   4,   4,   4
   4,   1,  78,     1.0361619083,   4,   4,   4
   4,   1,  79,     1.0361619083,   4,   4,   4
   4,   1,  80,     1.0361619083,   4,   4,   4
   4,   1,  81,     1.0361619083,   4,   4,   4
   4,   1,  82,     1.0361619083,   4,   4,   4
   4,   1,  83,     1.0361619083,   4,   4,   4
   4,   1,  84,     1.0361619083,   4,   4,   4
   4,   1,  85,     0.2430747864,   1,   1,   1
   4,   1,  86,     1.0361619083,   4,   4,   4
   4,   1,  87,     1.0361619083,   4,   4,   4
   4,   1,  88,     1.0361619083,   4,   4,   4
   4,   1,  89,     1.0361619083,   4,   4,   4
   4,   1,  90,     1.0361619083,   4,   4,   4
   4,   1,  91,     1.0361619083,   4,   4,   4
   4,   1,  92,     1.0361619083,   4,   4,   4
   4,   1,  93,     1.0361619083,   4,   4,   4
   4,   1,  94,     1.0361619083,   4,   4,   4
   4,   1,  95,     1.0361619083,   4,   4,   4
   4,   1,  96,     1.0361619083,   4,   4,   4
   4,   1,  97,     1.0361619083,   4,   4,   4
   4,   1,  98,     1.0361619083,   4,   4,   4
   4,   1,  99,     1.0361619083,   4,   4,   4
   4,   1, 100,     1.0361619083,   4,   4,   4
   4,   1, 101,     1.0361619083,   4,   4,   4
   4,   1, 102,     0.5554660891,   3,   3,   3
   4,   1, 103,     1.0361619083,   4,   4,   4
   4,   1, 104,     1.0361619083,   4,   4,   4
   4,   1, 105,     1.0361619083,   4,   4,   4
   4,   1, 106,     0.2430747864,   1,   1,   1
   4,   1, 107,     0.2721845304,   2,   2,   2
   4,   1, 108,     1.0361619083,   4,   4,   4
   4,   1, 109,     1.0361619083,   4,   4,   4
   4,   1, 110,     1.0361619083,   4,   4,   4
   4,   1, 111,     1.0361619083,   4,   4,   4
   4,   1, 112,     1.0361619083,   4,   4,   4
   4,   1, 113,     1.0361619083,   4,   4,   4
   4,   1, 114,     1.0361619083,   4,   4,   4
   5,   1,   1,     0.6378475764,   3,   3,   3
   5,   1,   2,    -1.6643126029,   5,   5,   5
   5,   1,   3,     0.9736767773,   1,   1,   1
   5,   1,   4,     0.8741784640,   2,   2,   2
   5,   1,   5,     0.9736767773,   1,   1,   1
   5,   1,   6,     0.9736767773,   1,   1,   1
   5,   1,   7,     0.9736767773,   1,   1,   1
   5,   1,   8,     0.9736767773,   1,   1,   1
   5,   1,   9,     0.8741784640,   2,   2,   2
   5,   1,  10,     0.8741784640,   2,   2,   2
   5,   1,  11,     0.8741784640,   2,   2,   2
   5,   1,  12,     0.9736767773,   1,   1,   1
   5,   1,  13,     0.8741784640,   2,   2,   2
   5,   1,  14,     0.9736767773,   1,   1,   1
   5,   1,  15,     0.9736767773,   1,   1,   1
   5,   1,  16,     0.9736767773,   1,   1,   1
   5,   1,  17,     0.8741784640,   2,   2,   2
   5,   1,  18,     0.8741784640,   2,   2,   2
   5,   1,  19,     0.9736767773,   1,   1,   1
   5,   1,  20,     0.9736767773,   1,   1,   1
   5,   1,  21,     0.6378475764,   3,   3,   3
   5,   1,  22,     0.8741784640,   2,   2,   2
   5,   1,  23,     0.8741784640,   2,   2,   2
   5,   1,  24,     0.9736767773,   1,   1,   1
   5,   1,  25,     0.9736767773,   1,   1,   1
   5,   1,  26,     0.9736767773,   1,   1,   1
   5,   1,  27,     0.9736767773,   1,   1,   1
   5,   1,  28,     0.8741784640,   2,   2,   2
   5,   1,  29,     0.9736767773,   1,   1,   1
   5,   1,  30,     0.9736767773,   1,   1,   1
   5,   1,  31,     0.8741784640,   2,   2,   2
   5,   1,  32,     0.9736767773,   1,   1,   1
   5,   1,  33,     0.9736767773,   1,   1,   1
   5,   1,  34,     0.8741784640,   2,   2,   2
   5,   1,  35,     0.6378475764,   3,   3,   3
   5,   1,  36,     0.9736767773,   1,   1,   1
   5,   1,  37,     0.8741784640,   2,   2,   2
   5,   1,  38,     0.8741784640,   2,   2,   2
   5,   1,  39,     0.9736767773,   1,   1,   1
   5,   1,  40,     0.9736767773,   1,   1,   1
   5,   1,  41,     0.9736767773,   1,   1,   1
   5,   1,  42,     0.6378475764,   3,   3,   3
   5,   1,  43,     0.6378475764,   3,   3,   3
   5,   1,  44,     0.6378475764,   3,   3,   3
   5,   1,  45,     0.8741784640,   2,   2,   2
   5,   1,  46,     0.9736767773,   1,   1,   1
   5,   1,  47,     0.9736767773,   1,   1,   1
   5,   1,  48,     0.9736767773,   1,   1,   1
   5,   1,  49,     0.8741784640,   2,   2,   2
   5,   1,  50,     0.9736767773,   1,   1,   1
   5,   1,  51,     0.9736767773,   1,   1,   1
   5,   1,  52,     0.9736767773,   1,   1,   1
   5,   1,  53,     0.9736767773,   1,   1,   1
   5,   1,  54,     0.9736767773,   1,   1,   1
   5,   1,  55,     0.9736767773,   1,   1,   1
   5,   1,  56,     0.9736767773,   1,   1,   1
   5,   1,  57,     0.9736767773,   1,   1,   1
   5,   1,  58,     0.6378475764,   3,   3,   3
   5,   1,  59,     0.1633886887,   4,   4,   4
   5,   1,  60,     0.9736767773,   1,   1,   1
   5,   1,  61,     0.8741784640,   2,   2,   2
   5,   1,  62,     0.6378475764,   3,   3,   3
   5,   1,  63,     0.9736767773,   1,   1,   1
   5,   1,  64,     0.8741784640,   2,   2,   2
   5,   1,  65,     0.9736767773,   1,   1,   1
   5,   1,  66,     0.8741784640,   2,   2,   2
   5,   1,  67,     0.9736767773,   1,   1,   1
   5,   1,  68,     0.9736767773,   1,   1,   1
   5,   1,  69,     0.6378475764,   3,   3,   3
   5,   1,  70,     1.2983892743,   5,   5,   5
   5,   1,  71,     0.2467417734,   2,   2,   2
   5,   1,  72,     1.2983892743,   5,   5,   5
   5,   1,  73,     0.2467417734,   2,   2,   2
   5,   1,  74,     1.2983892743,   5,   5,   5
   5,   1,  75,     1.2983892743,   5,   5,   5
   5,   1,  76,     1.2983892743,   5,   5,   5
   5,   1,  77,     1.2983892743,   5,   5,   5
   5,   1,  78,    -0.2244803273,   1,   1,   1
   5,   1,  79,     1.2983892743,   5,   5,   5
   5,   1,  80,     1.0008088804,   4,   4,   4
   5,   1,  81,     1.2983892743,   5,   5,   5
   5,   1,  82,     1.0008088804,   4,   4,   4
   5,   1,  83,     1.2983892743,   5,   5,   5
   5,   1,  84,     0.2467417734,   2,   2,   2
   5,   1,  85,     0.2467417734,   2,   2,   2
   5,   1,  86,     0.6594984831,   3,   3,   3
   5,   1,  87,     1.2983892743,   5,   5,   5
   5,   1,  88,     1.2983892743,   5,   5,   5
   5,   1,  89,     1.2983892743,   5,   5,   5
   5,   1,  90,     1.2983892743,   5,   5,   5
   5,   1,  91,     1.2983892743,   5,   5,   5
   5,   1,  92,     1.2983892743,   5,   5,   5
   5,   1,  93,     1.0008088804,   4,   4,   4
   5,   1,  94,    -0.2244803273,   1,   1,   1
   5,   1,  95,     1.0008088804,   4,   4,   4
   5,   1,  96,     1.0008088804,   4,   4,   4
   5,   1,  97,     0.6594984831,   3,   3,   3
   5,   1,  98,     0.2467417734,   2,   2,   2
   5,   1,  99,     0.2467417734,   2,   2,   2
   5,   1, 100,    -0.2244803273,   1,   1,   1
   5,   1, 101,     1.2983892743,   5,   5,   5
   5,   1, 102,    -0.2244803273,   1,   1,   1
   5,   1, 103,     1.2983892743,   5,   5,   5
   5,   1, 104,    -0.2244803273,   1,   1,   1
   5,   1, 105,     1.2983892743,   5,   5,   5
   5,   1, 106,    -0.2244803273,   1,   1,   1
   5,   1, 107,    -0.2244803273,   1,   1,   1
   5,   1, 108,     1.2983892743,   5,   5,   5
   5,   1, 109,     1.2983892743,   5,   5,   5
   5,   1, 110,     1.2983892743,   5,   5,   5
   5,   1, 111,     0.6594984831,   3,   3,   3
   5,   1, 112,     1.2983892743,   5,   5,   5
   5,   1, 113,     1.2983892743,   5,   5,   5
   5,   1, 114,     0.2467417734,   2,   2,   2
   1,   2,   1,     0.9212498704,   3,   3,   3
   1,   2,   2,     0.9212498704,   3,   3,   3
   1,   2,   3,     0.9212498704,   3,   3,   3
   1,   2,   4,     0.9914069149,   2,   2,   2
   1,   2,   5,     0.9914069149,   2,   2,   2
   1,   2,   6,     0.9914069149,   2,   2,   2
   1,   2,   7,     0.9914069149,   2,   2,   2
   1,   2,   8,     0.9914069149,   2,   2,   2
   1,   2,   9,     0.9212498704,   3,   3,   3
   1,   2,  10,     0.9914069149,   2,   2,   2
   1,   2,  11,     1.0116989703,   1,   1,   1
   1,   2,  12,     0.9212498704,   3,   3,   3
   1,   2,  13,     1.0116989703,   1,   1,   1
   1,   2,  14,     0.9914069149,   2,   2,   2
   1,   2,  15,     0.9914069149,   2,   2,   2
   1,   2,  16,     0.9914069149,   2,   2,   2
   1,   2,  17,     0.9914069149,   2,   2,   2
   1,   2,  18,     0.9914069149,   2,   2,   2
   1,   2,  19,     0.9914069149,   2,   2,   2
   1,   2,  20,     1.0116989703,   1,   1,   1
   1,   2,  21,     1.0116989703,   1,   1,   1
   1,   2,  22,     1.0116989703,   1,   1,   1
   1,   2,  23,     1.0116989703,   1,   1,   1
   1,   2,  24,     1.0116989703,   1,   1,   1
   1,   2,  25,     0.6841589678,   4,   4,   4
   1,   2,  26,     0.9914069149,   2,   2,   2
   1,   2,  27,     1.0116989703,   1,   1,   1
   1,   2,  28,     0.9212498704,   3,   3,   3
   1,   2,  29,     1.0116989703,   1,   1,   1
   1,   2,  30,     0.9914069149,   2,   2,   2
   1,   2,  31,     0.9914069149,   2,   2,   2
   1,   2,  32,     1.0116989703,   1,   1,   1
   1,   2,  33,     0.6841589678,   4,   4,   4
   1,   2,  34,     0.9212498704,   3,   3,   3
   1,   2,  35,     0.9914069149,   2,   2,   2
   1,   2,  36,     0.9212498704,   3,   3,   3
   1,   2,  37,     1.0116989703,   1,   1,   1
   1,   2,  38,     0.9914069149,   2,   2,   2
   1,   2,  39,     0.9212498704,   3,   3,   3
   1,   2,  40,     1.0116989703,   1,   1,   1
   1,   2,  41,     0.9914069149,   2,   2,   2
   1,   2,  42,     0.9914069149,   2,   2,   2
   1,   2,  43,     0.9914069149,   2,   2,   2
   1,   2,  44,     0.9212498704,   3,   3,   3
   1,   2,  45,     0.9212498704,   3,   3,   3
   1,   2,  46,     1.0116989703,   1,   1,   1
   1,   2,  47,     1.0116989703,   1,   1,   1
   1,   2,  48,     1.0116989703,   1,   1,   1
   1,   2,  49,     0.9212498704,   3,   3,   3
   1,   2,  50,     0.9212498704,   3,   3,   3
   1,   2,  51,     0.9212498704,   3,   3,   3
   1,   2,  52,     1.0116989703,   1,   1,   1
   1,   2,  53,     1.0116989703,   1,   1,   1
   1,   2,  54,     0.9212498704,   3,   3,   3
   1,   2,  55,     0.6841589678,   4,   4,   4
   1,   2,  56,     1.0116989703,   1,   1,   1
   1,   2,  57,     0.9914069149,   2,   2,   2
   1,   2,  58,     0.6841589678,   4,   4,   4
   1,   2,  59,     0.9914069149,   2,   2,   2
   1,   2,  60,     1.0116989703,   1,   1,   1
   1,   2,  61,     0.9914069149,   2,   2,   2
   1,   2,  62,     0.6841589678,   4,   4,   4
   1,   2,  63,     1.0116989703,   1,   1,   1
   1,   2,  64,     0.6841589678,   4,   4,   4
   1,   2,  65,     0.6841589678,   4,   4,   4
   1,   2,  66,     0.9914069149,   2,   2,   2
   1,   2,  67,     1.0116989703,   1,   1,   1
   1,   2,  68,     1.0116989703,   1,   1,   1
   1,   2,  69,     1.0116989703,   1,   1,   1
   1,   2,  70,     1.0777505177,   5,   5,   5
   1,   2,  71,     0.5741368868,   3,   3,   3
   1,   2,  72,     1.0777505177,   5,   5,   5
   1,   2,  73,     1.0777505177,   5,   5,   5
   1,   2,  74,     1.0777505177,   5,   5,   5
   1,   2,  75,     1.0777505177,   5,   5,   5
   1,   2,  76,     1.0777505177,   5,   5,   5
   1,   2,  77,     1.0777505177,   5,   5,   5
   1,   2,  78,     1.0089173335,   4,   4,   4
   1,   2,  79,     1.0777505177,   5,   5,   5
   1,   2,  80,     1.0777505177,   5,   5,   5
   1,   2,  81,     1.0777505177,   5,   5,   5
   1,   2,  82,     1.0777505177,   5,   5,   5
   1,   2,  83,     1.0089173335,   4,   4,   4
   1,   2,  84,     1.0089173335,   4,   4,   4
   1,   2,  85,     0.5741368868,   3,   3,   3
   1,   2,  86,     0.5741368868,   3,   3,   3
   1,   2,  87,     1.0777505177,   5,   5,   5
   1,   2,  88,     1.0777505177,   5,   5,   5
   1,   2,  89,     1.0777505177,   5,   5,   5
   1,   2,  90,     1.0777505177,   5,   5,   5
   1,   2,  91,     1.0777505177,   5,   5,   5
   1,   2,  92,     1.0777505177,   5,   5,   5
   1,   2,  93,     1.0777505177,   5,   5,   5
   1,   2,  94,     0.5741368868,   3,   3,   3
   1,   2,  95,     1.0777505177,   5,   5,   5
   1,   2,  96,     1.0777505177,   5,   5,   5
   1,   2,  97,     0.5741368868,   3,   3,   3
   1,   2,  98,     1.0777505177,   5,   5,   5
   1,   2,  99,     1.0777505177,   5,   5,   5
   1,   2, 100,     1.0777505177,   5,   5,   5
   1,   2, 101,     1.0777505177,   5,   5,   5
   1,   2, 102,     1.0089173335,   4,   4,   4
   1,   2, 103,     1.0089173335,   4,   4,   4
   1,   2, 104,     1.0777505177,   5,   5,   5
   1,   2, 105,     1.0777505177,   5,   5,   5
   1,   2, 106,     1.0777505177,   5,   5,   5
   1,   2, 107,     0.5741368868,   3,   3,   3
   1,   2, 108,     1.0777505177,   5,   5,   5
   1,   2, 109,     1.0777505177,   5,   5,   5
   1,   2, 110,     1.0777505177,   5,   5,   5
   1,   2, 111,     1.0777505177,   5,   5,   5
   1,   2, 112,     1.0777505177,   5,   5,   5
   1,   2, 113,     1.0777505177,   5,   5,   5
   1,   2, 114,    -1.2051821015,   1,   1,   1
   2,   2,   1,     0.7973891771,   3,   3,   3
   2,   2,   2,     0.9491892764,   2,   2,   2
   2,   2,   3,     0.9491892764,   2,   2,   2
   2,   2,   4,     0.9491892764,   2,   2,   2
   2,   2,   5,     0.9491892764,   2,   2,   2
   2,   2,   6,     0.9491892764,   2,   2,   2
   2,   2,   7,     0.9491892764,   2,   2,   2
   2,   2,   8,     0.9491892764,   2,   2,   2
   2,   2,   9,     0.7973891771,   3,   3,   3
   2,   2,  10,     0.9491892764,   2,   2,   2
   2,   2,  11,     0.9491892764,   2,   2,   2
   2,   2,  12,     0.9491892764,   2,   2,   2
   2,   2,  13,     0.9491892764,   2,   2,   2
   2,   2,  14,     0.9491892764,   2,   2,   2
   2,   2,  15,     0.9491892764,   2,   2,   2
   2,   2,  16,     0.9537031938,   1,   1,   1
   2,   2,  17,     0.9491892764,   2,   2,   2
   2,   2,  18,     0.9491892764,   2,   2,   2
   2,   2,  19,     0.9491892764,   2,   2,   2
   2,   2,  20,     0.9491892764,   2,   2,   2
   2,   2,  21,     0.9537031938,   1,   1,   1
   2,   2,  22,     0.9491892764,   2,   2,   2
   2,   2,  23,     0.9491892764,   2,   2,   2
   2,   2,  24,     0.9491892764,   2,   2,   2
   2,   2,  25,     0.7973891771,   3,   3,   3
   2,   2,  26,     0.9491892764,   2,   2,   2
   2,   2,  27,     0.9491892764,   2,   2,   2
   2,   2,  28,     0.9491892764,   2,   2,   2
   2,   2,  29,     0.9491892764,   2,   2,   2
   2,   2,  30,     0.9491892764,   2,   2,   2
   2,   2,  31,     0.9491892764,   2,   2,   2
   2,   2,  32,     0.9537031938,   1,   1,   1
   2,   2,  33,     0.9491892764,   2,   2,   2
   2,   2,  34,     0.9491892764,   2,   2,   2
   2,   2,  35,     0.9537031938,   1,   1,   1
   2,   2,  36,     0.9491892764,   2,   2,   2
   2,   2,  37,     0.9491892764,   2,   2,   2
   2,   2,  38,     0.9491892764,   2,   2,   2
   2,   2,  39,     0.9491892764,   2,   2,   2
   2,   2,  40,     0.9491892764,   2,   2,   2
   2,   2,  41,     0.7973891771,   3,   3,   3
   2,   2,  42,     0.9537031938,   1,   1,   1
   2,   2,  43,     0.9491892764,   2,   2,   2
   2,   2,  44,     0.9491892764,   2,   2,   2
   2,   2,  45,     0.7973891771,   3,   3,   3
   2,   2,  46,     0.9491892764,   2,   2,   2
   2,   2,  47,     0.9491892764,   2,   2,   2
   2,   2,  48,     0.9491892764,   2,   2,   2
   2,   2,  49,     0.9491892764,   2,   2,   2
   2,   2,  50,     0.9491892764,   2,   2,   2
   2,   2,  51,     0.9491892764,   2,   2,   2
   2,   2,  52,     0.9491892764,   2,   2,   2
   2,   2,  53,     0.9491892764,   2,   2,   2
   2,   2,  54,     0.9491892764,   2,   2,   2
   2,   2,  55,     0.7973891771,   3,   3,   3
   2,   2,  56,     0.9491892764,   2,   2,   2
   2,   2,  57,     0.9491892764,   2,   2,   2
   2,   2,  58,     0.7973891771,   3,   3,   3
   2,   2,  59,     0.9491892764,   2,   2,   2
   2,   2,  60,     0.9491892764,   2,   2,   2
   2,   2,  61,     0.9491892764,   2,   2,   2
   2,   2,  62,     0.9491892764,   2,   2,   2
   2,   2,  63,     0.9491892764,   2,   2,   2
   2,   2,  64,     0.9491892764,   2,   2,   2
   2,   2,  65,     0.9491892764,   2,   2,   2
   2,   2,  66,     0.9491892764,   2,   2,   2
   2,   2,  67,     0.9537031938,   1,   1,   1
   2,   2,  68,     0.9491892764,   2,   2,   2
   2,   2,  69,     0.9491892764,   2,   2,   2
   2,   2,  70,     1.1222735047,   4,   4,   4
   2,   2,  71,     0.7061349737,   3,   3,   3
   2,   2,  72,     1.1222735047,   4,   4,   4
   2,   2,  73,     1.1222735047,   4,   4,   4
   2,   2,  74,     1.1222735047,   4,   4,   4
   2,   2,  75,     1.1222735047,   4,   4,   4
   2,   2,  76,     1.1222735047,   4,   4,   4
   2,   2,  77,     1.1222735047,   4,   4,   4
   2,   2,  78,     0.1556307722,   2,   2,   2
   2,   2,  79,     1.1222735047,   4,   4,   4
   2,   2,  80,     1.1222735047,   4,   4,   4
   2,   2,  81,     1.1222735047,   4,   4,   4
   2,   2,  82,     0.7061349737,   3,   3,   3
   2,   2,  83,     1.1222735047,   4,   4,   4
   2,   2,  84,     1.1222735047,   4,   4,   4
   2,   2,  85,     0.1556307722,   2,   2,   2
   2,   2,  86,     1.1222735047,   4,   4,   4
   2,   2,  87,     1.1222735047,   4,   4,   4
   2,   2,  88,     1.1222735047,   4,   4,   4
   2,   2,  89,     1.1222735047,   4,   4,   4
   2,   2,  90,     1.1222735047,   4,   4,   4
   2,   2,  91,     1.1222735047,   4,   4,   4
   2,   2,  92,     1.1222735047,   4,   4,   4
   2,   2,  93,     1.1222735047,   4,   4,   4
   2,   2,  94,     0.1556307722,   2,   2,   2
   2,   2,  95,     1.1222735047,   4,   4,   4
   2,   2,  96,     0.1556307722,   2,   2,   2
   2,   2,  97,     0.7061349737,   3,   3,   3
   2,   2,  98,     1.1222735047,   4,   4,   4
   2,   2,  99,     1.1222735047,   4,   4,   4
   2,   2, 100,     1.1222735047,   4,   4,   4
   2,   2, 101,     0.7061349737,   3,   3,   3
   2,   2, 102,     0.1556307722,   2,   2,   2
   2,   2, 103,     1.1222735047,   4,   4,   4
   2,   2, 104,     0.1556307722,   2,   2,   2
   2,   2, 105,     1.1222735047,   4,   4,   4
   2,   2, 106,     1.1222735047,   4,   4,   4
   2,   2, 107,     0.1556307722,   2,   2,   2
   2,   2, 108,     1.1222735047,   4,   4,   4
   2,   2, 109,     1.1222735047,   4,   4,   4
   2,   2, 110,     1.1222735047,   4,   4,   4
   2,   2, 111,     1.1222735047,   4,   4,   4
   2,   2, 112,     1.1222735047,   4,   4,   4
   2,   2, 113,     1.1222735047,   4,   4,   4
   2,   2, 114,     0.1556307722,   2,   2,   2
   3,   2,   1,     0.9569568745,   2,   2,   2
   3,   2,   2,     0.5927469757,   4,   4,   4
   3,   2,   3,     0.9569568745,   2,   2,   2
   3,   2,   4,     0.9569568745,   2,   2,   2
   3,   2,   5,     0.9569568745,   2,   2,   2
   3,   2,   6,     0.9569568745,   2,   2,   2
   3,   2,   7,     0.8281946438,   3,   3,   3
   3,   2,   8,     0.9569568745,   2,   2,   2
   3,   2,   9,     0.9569568745,   2,   2,   2
   3,   2,  10,     0.9569568745,   2,   2,   2
   3,   2,  11,     1.0067350483,   1,   1,   1
   3,   2,  12,     1.0067350483,   1,   1,   1
   3,   2,  13,     1.0067350483,   1,   1,   1
   3,   2,  14,     0.8281946438,   3,   3,   3
   3,   2,  15,     0.9569568745,   2,   2,   2
   3,   2,  16,     0.9569568745,   2,   2,   2
   3,   2,  17,     0.9569568745,   2,   2,   2
   3,   2,  18,     0.9569568745,   2,   2,   2
   3,   2,  19,     1.0067350483,   1,   1,   1
   3,   2,  20,     0.9569568745,   2,   2,   2
   3,   2,  21,     1.0067350483,   1,   1,   1
   3,   2,  22,     1.0067350483,   1,   1,   1
   3,   2,  23,     0.9569568745,   2,   2,   2
   3,   2,  24,     1.0067350483,   1,   1,   1
   3,   2,  25,     0.5927469757,   4,   4,   4
   3,   2,  26,     1.0067350483,   1,   1,   1
   3,   2,  27,     1.0067350483,   1,   1,   1
   3,   2,  28,     0.5998929986,   5,   5,   5
   3,   2,  29,     1.0067350483,   1,   1,   1
   3,   2,  30,     0.9569568745,   2,   2,   2
   3,   2,  31,     1.0067350483,   1,   1,   1
   3,   2,  32,     1.0067350483,   1,   1,   1
   3,   2,  33,     0.9569568745,   2,   2,   2
   3,   2,  34,     1.0067350483,   1,   1,   1
   3,   2,  35,     0.9569568745,   2,   2,   2
   3,   2,  36,     0.9569568745,   2,   2,   2
   3,   2,  37,     0.9569568745,   2,   2,   2
   3,   2,  38,     1.0067350483,   1,   1,   1
   3,   2,  39,     0.9569568745,   2,   2,   2
   3,   2,  40,     0.9569568745,   2,   2,   2
   3,   2,  41,     0.9569568745,   2,   2,   2
   3,   2,  42,     1.0067350483,   1,   1,   1
   3,   2,  43,     1.0067350483,   1,   1,   1
   3,   2,  44,     0.8281946438,   3,   3,   3
   3,   2,  45,     0.9569568745,   2,   2,   2
   3,   2,  46,     1.0067350483,   1,   1,   1
   3,   2,  47,     1.0067350483,   1,   1,   1
   3,   2,  48,     1.0067350483,   1,   1,   1
   3,   2,  49,     0.9569568745,   2,   2,   2
   3,   2,  50,     0.8281946438,   3,   3,   3
   3,   2,  51,     0.8281946438,   3,   3,   3
   3,   2,  52,     1.0067350483,   1,   1,   1
   3,   2,  53,     1.0067350483,   1,   1,   1
   3,   2,  54,     0.8281946438,   3,   3,   3
   3,   2,  55,     0.9569568745,   2,   2,   2
   3,   2,  56,     0.9569568745,   2,   2,   2
   3,   2,  57,     1.0067350483,   1,   1,   1
   3,   2,  58,     0.9569568745,   2,   2,   2
   3,   2,  59,     0.8281946438,   3,   3,   3
   3,   2,  60,     0.9569568745,   2,   2,   2
   3,   2,  61,     0.8281946438,   3,   3,   3
   3,   2,  62,     0.5927469757,   4,   4,   4
   3,   2,  63,     1.0067350483,   1,   1,   1
   3,   2,  64,     0.9569568745,   2,   2,   2
   3,   2,  65,     0.5927469757,   4,   4,   4
   3,   2,  66,     0.9569568745,   2,   2,   2
   3,   2,  67,     1.0067350483,   1,   1,   1
   3,   2,  68,     0.9569568745,   2,   2,   2
   3,   2,  69,     1.0067350483,   1,   1,   1
   3,   2,  70,     1.1129334201,   5,   5,   5
   3,   2,  71,     0.1164408305,   2,   2,   2
   3,   2,  72,     1.1129334201,   5,   5,   5
   3,   2,  73,     1.1129334201,   5,   5,   5
   3,   2,  74,     1.1129334201,   5,   5,   5
   3,   2,  75,     1.1129334201,   5,   5,   5
   3,   2,  76,     1.1129334201,   5,   5,   5
   3,   2,  77,     1.1129334201,   5,   5,   5
   3,   2,  78,     1.1129334201,   5,   5,   5
   3,   2,  79,     1.1129334201,   5,   5,   5
   3,   2,  80,     1.1129334201,   5,   5,   5
   3,   2,  81,     1.1129334201,   5,   5,   5
   3,   2,  82,     0.7252301158,   3,   3,   3
   3,   2,  83,     1.1129334201,   5,   5,   5
   3,   2,  84,     1.0051403712,   4,   4,   4
   3,   2,  85,    -0.9273600503,   1,   1,   1
   3,   2,  86,     1.0051403712,   4,   4,   4
   3,   2,  87,     1.1129334201,   5,   5,   5
   3,   2,  88,     1.1129334201,   5,   5,   5
   3,   2,  89,     1.1129334201,   5,   5,   5
   3,   2,  90,     1.1129334201,   5,   5,   5
   3,   2,  91,     1.1129334201,   5,   5,   5
   3,   2,  92,     1.1129334201,   5,   5,   5
   3,   2,  93,     1.1129334201,   5,   5,   5
   3,   2,  94,     0.1164408305,   2,   2,   2
   3,   2,  95,     1.1129334201,   5,   5,   5
   3,   2,  96,     0.7252301158,   3,   3,   3
   3,   2,  97,     0.7252301158,   3,   3,   3
   3,   2,  98,     1.1129334201,   5,   5,   5
   3,   2,  99,     1.1129334201,   5,   5,   5
   3,   2, 100,     1.1129334201,   5,   5,   5
   3,   2, 101,     1.0051403712,   4,   4,   4
   3,   2, 102,     0.7252301158,   3,   3,   3
   3,   2, 103,     1.1129334201,   5,   5,   5
   3,   2, 104,     1.1129334201,   5,   5,   5
   3,   2, 105,     1.1129334201,   5,   5,   5
   3,   2, 106,     1.1129334201,   5,   5,   5
   3,   2, 107,     0.7252301158,   3,   3,   3
   3,   2, 108,     1.0051403712,   4,   4,   4
   3,   2, 109,     1.1129334201,   5,   5,   5
   3,   2, 110,     1.1129334201,   5,   5,   5
   3,   2, 111,     1.1129334201,   5,   5,   5
   3,   2, 112,     1.1129334201,   5,   5,   5
   3,   2, 113,     1.1129334201,   5,   5,   5
   3,   2, 114,    -0.9273600503,   1,   1,   1
   4,   2,   1,     1.0000000000,   1,   1,   1
   4,   2,   2,     1.0000000000,   1,   1,   1
   4,   2,   3,     1.0000000000,   1,   1,   1
   4,   2,   4,     1.0000000000,   1,   1,   1
   4,   2,   5,     1.0000000000,   1,   1,   1
   4,   2,   6,     1.0000000000,   1,   1,   1
   4,   2,   7,     1.0000000000,   2,   2,   2
   4,   2,   8,     1.0000000000,   1,   1,   1
   4,   2,   9,     1.0000000000,   1,   1,   1
   4,   2,  10,     1.0000000000,   1,   1,   1
   4,   2,  11,     1.0000000000,   1,   1,   1
   4,   2,  12,     1.0000000000,   1,   1,   1
   4,   2,  13,     1.0000000000,   1,   1,   1
   4,   2,  14,     1.0000000000,   1,   1,   1
   4,   2,  15,     1.0000000000,   1,   1,   1
   4,   2,  16,     1.0000000000,   1,   1,   1
   4,   2,  17,     1.0000000000,   1,   1,   1
   4,   2,  18,     1.0000000000,   1,   1,   1
   4,   2,  19,     1.0000000000,   1,   1,   1
   4,   2,  20,     1.0000000000,   1,   1,   1
   4,   2,  21,     1.0000000000,   1,   1,   1
   4,   2,  22,     1.0000000000,   1,   1,   1
   4,   2,  23,     1.0000000000,   1,   1,   1
   4,   2,  24,     1.0000000000,   1,   1,   1
   4,   2,  25,     1.0000000000,   2,   2,   2
   4,   2,  26,     1.0000000000,   1,   1,   1
   4,   2,  27,     1.0000000000,   1,   1,   1
   4,   2,  28,     1.0000000000,   1,   1,   1
   4,   2,  29,     1.0000000000,   1,   1,   1
   4,   2,  30,     1.0000000000,   1,   1,   1
   4,   2,  31,     1.0000000000,   1,   1,   1
   4,   2,  32,     1.0000000000,   1,   1,   1
   4,   2,  33,     1.0000000000,   1,   1,   1
   4,   2,  34,     1.0000000000,   1,   1,   1
   4,   2,  35,     1.0000000000,   1,   1,   1
   4,   2,  36,     1.0000000000,   1,   1,   1
   4,   2,  37,     1.0000000000,   1,   1,   1
   4,   2,  38,     1.0000000000,   1,   1,   1
   4,   2,  39,     1.0000000000,   1,   1,   1
   4,   2,  40,     1.0000000000,   1,   1,   1
   4,   2,  41,     1.0000000000,   1,   1,   1
   4,   2,  42,     1.0000000000,   1,   1,   1
   4,   2,  43,     1.0000000000,   1,   1,   1
   4,   2,  44,     1.0000000000,   1,   1,   1
   4,   2,  45,     1.0000000000,   1,   1,   1
   4,   2,  46,     1.0000000000,   1,   1,   1
   4,   2,  47,     1.0000000000,   1,   1,   1
   4,   2,  48,     1.0000000000,   1,   1,   1
   4,   2,  49,     1.0000000000,   1,   1,   1
   4,   2,  50,     1.0000000000,   1,   1,   1
   4,   2,  51,     1.0000000000,   1,   1,   1
   4,   2,  52,     1.0000000000,   1,   1,   1
   4,   2,  53,     1.0000000000,   1,   1,   1
   4,   2,  54,     1.0000000000,   1,   1,   1
   4,   2,  55,     1.0000000000,   1,   1,   1
   4,   2,  56,     1.0000000000,   1,   1,   1
   4,   2,  57,     1.0000000000,   1,   1,   1
   4,   2,  58,     1.0000000000,   1,   1,   1
   4,   2,  59,     1.0000000000,   1,   1,   1
   4,   2,  60,     1.0000000000,   1,   1,   1
   4,   2,  61,     1.0000000000,   1,   1,   1
   4,   2,  62,     1.0000000000,   1,   1,   1
   4,   2,  63,     1.0000000000,   1,   1,   1
   4,   2,  64,     1.0000000000,   2,   2,   2
   4,   2,  65,     1.0000000000,   1,   1,   1
   4,   2,  66,     1.0000000000,   2,   2,   2
   4,   2,  67,     1.0000000000,   1,   1,   1
   4,   2,  68,     1.0000000000,   1,   1,   1
   4,   2,  69,     1.0000000000,   1,   1,   1
   4,   2,  70,     1.0000000000,   3,   3,   3
   4,   2,  71,     1.0000000000,   3,   3,   3
   4,   2,  72,     1.0000000000,   3,   3,   3
   4,   2,  73,     1.0000000000,   3,   3,   3
   4,   2,  74,     1.0000000000,   3,   3,   3
   4,   2,  75,     1.0000000000,   3,   3,   3
   4,   2,  76,     1.0000000000,   3,   3,   3
   4,   2,  77,     1.0000000000,   3,   3,   3
   4,   2,  78,     1.0000000000,   3,   3,   3
   4,   2,  79,     1.0000000000,   3,   3,   3
   4,   2,  80,     1.0000000000,   3,   3,   3
   4,   2,  81,     1.0000000000,   3,   3,   3
   4,   2,  82,     1.0000000000,   3,   3,   3
   4,   2,  83,     1.0000000000,   3,   3,   3
   4,   2,  84,     1.0000000000,   3,   3,   3
   4,   2,  85,     1.0000000000,   3,   3,   3
   4,   2,  86,     1.0000000000,   3,   3,   3
   4,   2,  87,     1.0000000000,   3,   3,   3
   4,   2,  88,     1.0000000000,   3,   3,   3
   4,   2,  89,     1.0000000000,   3,   3,   3
   4,   2,  90,     1.0000000000,   3,   3,   3
   4,   2,  91,     1.0000000000,   3,   3,   3
   4,   2,  92,     1.0000000000,   3,   3,   3
   4,   2,  93,     1.0000000000,   3,   3,   3
   4,   2,  94,     1.0000000000,   3,   3,   3
   4,   2,  95,     1.0000000000,   3,   3,   3
   4,   2,  96,     1.0000000000,   3,   3,   3
   4,   2,  97,     1.0000000000,   3,   3,   3
   4,   2,  98,     1.0000000000,   3,   3,   3
   4,   2,  99,     1.0000000000,   3,   3,   3
   4,   2, 100,     1.0000000000,   3,   3,   3
   4,   2, 101,     1.0000000000,   3,   3,   3
   4,   2, 102,     1.0000000000,   3,   3,   3
   4,   2, 103,     1.0000000000,   3,   3,   3
   4,   2, 104,     1.0000000000,   3,   3,   3
   4,   2, 105,     1.0000000000,   3,   3,   3
   4,   2, 106,     1.0000000000,   3,   3,   3
   4,   2, 107,     1.0000000000,   2,   2,   2
   4,   2, 108,     1.0000000000,   3,   3,   3
   4,   2, 109,     1.0000000000,   3,   3,   3
   4,   2, 110,     1.0000000000,   3,   3,   3
   4,   2, 111,     1.0000000000,   3,   3,   3
   4,   2, 112,     1.0000000000,   3,   3,   3
   4,   2, 113,     1.0000000000,   3,   3,   3
   4,   2, 114,     1.0000000000,   3,   3,   3
   5,   2,   1,     0.9685238258,   2,   2,   2
   5,   2,   2,     0.9685238258,   2,   2,   2
   5,   2,   3,     0.6996177960,   3,   3,   3
   5,   2,   4,     1.0147051771,   1,   1,   1
   5,   2,   5,     0.9685238258,   2,   2,   2
   5,   2,   6,     0.9685238258,   2,   2,   2
   5,   2,   7,     0.9685238258,   2,   2,   2
   5,   2,   8,     0.9685238258,   2,   2,   2
   5,   2,   9,     1.0147051771,   1,   1,   1
   5,   2,  10,     0.9685238258,   2,   2,   2
   5,   2,  11,     0.9685238258,   2,   2,   2
   5,   2,  12,     0.9685238258,   2,   2,   2
   5,   2,  13,     1.0147051771,   1,   1,   1
   5,   2,  14,     1.0147051771,   1,   1,   1
   5,   2,  15,     1.0147051771,   1,   1,   1
   5,   2,  16,     0.9685238258,   2,   2,   2
   5,   2,  17,     0.9685238258,   2,   2,   2
   5,   2,  18,     0.9685238258,   2,   2,   2
   5,   2,  19,     1.0147051771,   1,   1,   1
   5,   2,  20,     0.9685238258,   2,   2,   2
   5,   2,  21,     0.9685238258,   2,   2,   2
   5,   2,  22,     0.9685238258,   2,   2,   2
   5,   2,  23,     1.0147051771,   1,   1,   1
   5,   2,  24,     0.9685238258,   2,   2,   2
   5,   2,  25,     0.6996177960,   3,   3,   3
   5,   2,  26,     0.9685238258,   2,   2,   2
   5,   2,  27,     0.9685238258,   2,   2,   2
   5,   2,  28,     0.6996177960,   3,   3,   3
   5,   2,  29,     0.9685238258,   2,   2,   2
   5,   2,  30,     1.0147051771,   1,   1,   1
   5,   2,  31,     0.9685238258,   2,   2,   2
   5,   2,  32,     1.0147051771,   1,   1,   1
   5,   2,  33,     0.9685238258,   2,   2,   2
   5,   2,  34,     0.9685238258,   2,   2,   2
   5,   2,  35,     0.9685238258,   2,   2,   2
   5,   2,  36,     0.9685238258,   2,   2,   2
   5,   2,  37,     1.0147051771,   1,   1,   1
   5,   2,  38,     1.0147051771,   1,   1,   1
   5,   2,  39,     0.9685238258,   2,   2,   2
   5,   2,  40,     1.0147051771,   1,   1,   1
   5,   2,  41,     0.9685238258,   2,   2,   2
   5,   2,  42,     1.0147051771,   1,   1,   1
   5,   2,  43,     1.0147051771,   1,   1,   1
   5,   2,  44,     0.6996177960,   3,   3,   3
   5,   2,  45,     0.9685238258,   2,   2,   2
   5,   2,  46,     1.0147051771,   1,   1,   1
   5,   2,  47,     0.9685238258,   2,   2,   2
   5,   2,  48,     0.9685238258,   2,   2,   2
   5,   2,  49,     0.6996177960,   3,   3,   3
   5,   2,  50,     0.6996177960,   3,   3,   3
   5,   2,  51,     0.9685238258,   2,   2,   2
   5,   2,  52,     1.0147051771,   1,   1,   1
   5,   2,  53,     0.9685238258,   2,   2,   2
   5,   2,  54,     0.9685238258,   2,   2,   2
   5,   2,  55,     0.9685238258,   2,   2,   2
   5,   2,  56,     0.9685238258,   2,   2,   2
   5,   2,  57,     1.0147051771,   1,   1,   1
   5,   2,  58,     0.9685238258,   2,   2,   2
   5,   2,  59,     0.9685238258,   2,   2,   2
   5,   2,  60,     0.9685238258,   2,   2,   2
   5,   2,  61,     0.9685238258,   2,   2,   2
   5,   2,  62,     0.6996177960,   3,   3,   3
   5,   2,  63,     1.0147051771,   1,   1,   1
   5,   2,  64,     0.9685238258,   2,   2,   2
   5,   2,  65,     0.6996177960,   3,   3,   3
   5,   2,  66,     0.6996177960,   3,   3,   3
   5,   2,  67,     1.0147051771,   1,   1,   1
   5,   2,  68,     1.0147051771,   1,   1,   1
   5,   2,  69,     1.0147051771,   1,   1,   1
   5,   2,  70,     1.0948005305,   4,   4,   4
   5,   2,  71,    -0.1259596286,   2,   2,   2
   5,   2,  72,     1.0948005305,   4,   4,   4
   5,   2,  73,     1.0948005305,   4,   4,   4
   5,   2,  74,     1.0948005305,   4,   4,   4
   5,   2,  75,     1.0948005305,   4,   4,   4
   5,   2,  76,     1.0948005305,   4,   4,   4
   5,   2,  77,     1.0948005305,   4,   4,   4
   5,   2,  78,     1.0948005305,   4,   4,   4
   5,   2,  79,     1.0948005305,   4,   4,   4
   5,   2,  80,     1.0948005305,   4,   4,   4
   5,   2,  81,     1.0948005305,   4,   4,   4
   5,   2,  82,     1.1370776025,   3,   3,   3
   5,   2,  83,     1.0948005305,   4,   4,   4
   5,   2,  84,     1.1370776025,   3,   3,   3
   5,   2,  85,     1.1370776025,   3,   3,   3
   5,   2,  86,     1.1370776025,   3,   3,   3
   5,   2,  87,     1.0948005305,   4,   4,   4
   5,   2,  88,     1.0948005305,   4,   4,   4
   5,   2,  89,     1.0948005305,   4,   4,   4
   5,   2,  90,     1.0948005305,   4,   4,   4
   5,   2,  91,     1.0948005305,   4,   4,   4
   5,   2,  92,     1.0948005305,   4,   4,   4
   5,   2,  93,     1.0948005305,   4,   4,   4
   5,   2,  94,    -0.1259596286,   2,   2,   2
   5,   2,  95,     1.0948005305,   4,   4,   4
   5,   2,  96,    -1.6223863127,   1,   1,   1
   5,   2,  97,     1.1370776025,   3,   3,   3
   5,   2,  98,     1.1370776025,   3,   3,   3
   5,   2,  99,    -0.1259596286,   2,   2,   2
   5,   2, 100,     1.0948005305,   4,   4,   4
   5,   2, 101,     1.1370776025,   3,   3,   3
   5,   2, 102,    -0.1259596286,   2,   2,   2
   5,   2, 103,     1.0948005305,   4,   4,   4
   5,   2, 104,     1.0948005305,   4,   4,   4
   5,   2, 105,     1.0948005305,   4,   4,   4
   5,   2, 106,     1.0948005305,   4,   4,   4
   5,   2, 107,     1.1370776025,   3,   3,   3
   5,   2, 108,     1.1370776025,   3,   3,   3
   5,   2, 109,     1.0948005305,   4,   4,   4
   5,   2, 110,     1.0948005305,   4,   4,   4
   5,   2, 111,     1.0948005305,   4,   4,   4
   5,   2, 112,     1.0948005305,   4,   4,   4
   5,   2, 113,     1.0948005305,   4,   4,   4
   5,   2, 114,     1.1370776025,   3,   3,   3
